<?xml version="1.0" encoding="UTF-8" standalone="no"?><?xml-stylesheet type="text/xsl" href="InDesign-Template_2.xsl"?><Root><chaptitle>SYMBOL MC18 PERSONAL SHOPPER</chaptitle><headerTitle>SYMBOL MC18 PERSONAL SHOPPER</headerTitle><subTitle>SYMBOL MC18 PERSONAL SHOPPER subtitle</subTitle><mainText1><h2>EXPERIENCE HOW SHOPPING SHOULD BE</h2>
<p><B>REVOLUTIONIZE THE SHOPPING EXPERIENCE FOR YOUR CUSTOMERS WITH TODAY'S MOST ADVANCED PERSONAL SHOPPER. </B>When you put the Symbol MC18's state of the art technology in the hands of your shoppers, you provide an instant information access and convenience needed to take the shopping experience to the next level. In combination with applications from our partners, the MC18 can allow your customers to scan items as they shop for faster checkout. You get real-time visibility into what your shoppers are buying, allowing you to instantly send relevant discount coupons and suggestions for complementary items right to the MC18. The result? Customers spend less time in the store, save more and purchase more, boosting customer satisfaction, basket size and sales. In addition, your store staff can use the same device for price audits, price checks and inventory management, improving worker productivity and store efficiency. And with five industry firsts, you get the most advanced personal shopping device on the market: the first personal shopper available in Android KitKat or Windows; 1D and 2D bar code scanning on paper labels or a display; a smartphone-style large all touch display, a new space-saving cradle that makes it easy to integrate into existing available spaces and a new high-power intelligent battery that means more time in service per device and fewer devices to purchase - reducing capital costs and increasing the return on investment for this personal shopper solution. The MC18 - the easy way to give every customer a personal touch.</p>
</mainText1><imageRef href="file://Links/mc18-mobile-computer-front-en-us.jpg"/><col2text1><p><span><b>Your choice of Android or Windows</b></span></p>
<p><span>Choose from the latest versions of the most popular mobile operating systems — Android* Lollipop or Windows Embedded Compact 7. And the MC18 Windows devices you already own can be easily updated to Android.</span></p>
<p><indesign-h4> </indesign-h4></p>
<p><span><b>A new large all-touch display provides a true smartphone-style user experience</b></span></p>
<p><span>Delivers the same fingertip navigation found on today’s smartphones — including pinch and zoom.</span></p>
<p><indesign-h4> </indesign-h4></p>
<p><span><b>First-time every time instant  capture of virtually any bar code</b></span></p>
<p><span>Zebra Technologies advanced imaging engine enables the split-second capture of any 1D or 2D bar code, regardless of whether it is printed on paper or displayed on the screen of a mobile phone — or whether it is damaged, scratched or poorly printed. And with omnidirectional scanning, there is never a need to orient bar code and scanner, providing true point-and-shoot simplicity for shoppers and associates alike.</span></p>
<p><indesign-h4> </indesign-h4></p>
<p><span><b>PowerPrecision+ Battery only from Zebra Technologies</b></span></p>
<p><span>A new higher capacity battery charges faster — just 15 minutes of charging provides enough power for 45 minutes of shopping. Advanced state of health and state of charge information improves device management, helping ensure your cradles are always filled with ready-to-use devices.</span></p>
<p><indesign-h4> </indesign-h4></p>
<p><span><b>Fast wireless connectivity with 802.11n</b></span></p>
<p><span>Provides the application performance your customers expect.</span></p>
</col2text1><col3text1><p><b>Flexible 3-in-1 space-saving cradle</b></p>
<p>Charging cradle requirements vary in different sections of your store — which is  why the MC18 cradle can be configured three different ways: a high density configuration that shows off the beautiful new MC18 display; a super high- density cradle to minimize space requirements; and a convenient easy-to-install desk mount configuration.</p>
<p><indesign-h4> </indesign-h4></p>
<p><b>The power to support the most demanding applications</b></p>
<p>A dual core 1 GHz processor and your choice of or 4 GB of Flash memory provide the power to run the rich multi-media applications your shoppers expect.</p>
<p><indesign-h4> </indesign-h4></p>
<p><b>Rugged and ready for all-day every-day use in the store aisles and the backroom</b></p>
<p>With drop and tumble testing, plus a Corning® Gorilla® Glass 3 display and scanner exit window, you can count on reliable operation in spite of the inevitable everyday drops.</p>
<p><indesign-h4> </indesign-h4></p>
<p><b>Customizable with your logo</b></p>
<p>Make our leading edge shopping technology part of your brand with customizable branding plates that can be imprinted with your logo, available on the right and/or left side of the device.</p>
</col3text1><pageOneFooter><h3 style="text-align: center;">REDEFINE THE SELF-SERVICE EXPERIENCE IN YOUR STORE WITH THE MC18.</h3>
<p style="text-align: center;">FOR MORE INFORMATION, VISIT <a href="https://www.zebra.com/mc18">WWW.ZEBRA.COM/MC18</a> OR ACCESS OUR CONTACT DIRECTORY AT <a href="https://www.zebra.com/contact">WWW.ZEBRA.COM/CONTACT</a></p>
</pageOneFooter><specHeading><h3>MC18 SPECIFICATIONS</h3>
</specHeading><specSubHeading1><p><b><span class="spec-sheet-caption">PHYSICAL CHARACTERISTICS</span></b></p>
</specSubHeading1><specifications-table-section_1><table width="100%" cellspacing="0" cellpadding="1" border="1">
<tbody><tr><td><b>Dimensions</b></td>
<td><p>2.95 in. H x 8.58 in. L x 3.09 in. W</p>
<p>7.50 cm H x 21.80 cm L x 7.86 cm W</p>
</td>
</tr><tr><td><b>Weight</b></td>
<td>10.6 oz./300 g (with battery)</td>
</tr><tr><td><b>Display</b></td>
<td>Color LCD; 4.0 inch 480x800 WVGA resolution; with Tianma display, 24 bits/pixel RGB; LED backlight; capacitive touch screen; Corning Gorilla Glass 3 </td>
</tr><tr><td><b>Keyboard</b></td>
<td>1 dedicated scan button</td>
</tr><tr><td><b>Power Source</b></td>
<td>PowerPrecision+ 2725 mAh Li-Ion rechargeable battery </td>
</tr></tbody></table>
</specifications-table-section_1><specSubHeading2><p><b><span class="spec-sheet-caption">PERFORMANCE CHARACTERISTICS</span></b></p>
</specSubHeading2><specifications-table-section_2><table width="100%" cellspacing="0" cellpadding="1" border="1">
<tbody><tr><td><b>Processor</b></td>
<td><p>TI OMAP4430, Dual Core , 1 GHz</p>
</td>
</tr><tr><td><b>Operating System</b></td>
<td><p>Android 5.1 (Lollipop) </p>
<p>Windows Embedded Compact 7 (Microsoft Internet Explorer Embedded 7)</p>
</td>
</tr><tr><td><b>Memory</b></td>
<td><p>Android configurations:</p>
<p>1 GB RAM/4 GB Flash</p>
<p>Windows Embedded Compact 7 Configurations:</p>
<p>1 GB RAM/4 GB Flash</p>
</td>
</tr><tr><td><b>Interface/Communications</b></td>
<td>USB 2.0 Client for Microsoft ActiveSync for service and maintenance</td>
</tr><tr><td><b>Light Source</b></td>
<td>Red LED Illumination with LED dot aim pattern</td>
</tr><tr><td><b>Scan Rate</b></td>
<td>Imaging rate: 30 Frames per second, 1280p x 800p</td>
</tr><tr><td><b>Ambient Light Immunity</b></td>
<td><p>Tolerant to typical artificial indoor and natural outdoor (direct sunlight) lighting conditions.</p>
<p>Fluorescent, Incandescent, Mercury Vapor, Sodium Vapor,</p>
<p>LED: 450 Ft. Candles (4,844 Lux)</p>
<p>Sunlight: 8,000 Ft. Candles (86,111 Lux)</p>
</td>
</tr></tbody></table>
</specifications-table-section_2><specSubHeading3><p><b><span class="spec-sheet-caption">WIRELESS NETWORKING</span></b></p>
</specSubHeading3><specifications-table-section_3><table width="100%" cellspacing="0" cellpadding="1" border="1">
<tbody><tr><td><b>WLAN</b></td>
<td><p>802.11a/b/g/n/d/h/i/k/r (802.11 k/r - Android only)</p>
</td>
</tr><tr><td><b>WPAN</b></td>
<td><p>Bluetooth Class 1.5 2.1+EDR</p>
<p>Bluetooth 4.0 with Bluetooth SMART technology</p>
</td>
</tr></tbody></table>
</specifications-table-section_3><specSubHeading4><p><b><span class="spec-sheet-caption">WIRELESS SECURITY</span></b></p>
</specSubHeading4><specifications-table-section_4><table width="100%" cellspacing="0" cellpadding="1" border="1">
<tbody><tr><td><b>Security and Encryption</b></td>
<td><p>WEP (40 or 104 bit) ; </p>
<p>WPA/WPA2 Personal (TKIP, and AES); </p>
<p>WPA/WPA2 Enterprise (TKIP, and AES) —</p>
<p>EAP-TTLS (PAP, MSCHAP, MSCHAPv2), EAP-TLS,</p>
<p>PEAPv0- MSCHAPv2, PEAPv1-EAP-GTC,</p>
<p>EAP-FAST (MSCHAPv2 and EAP-GTC) and LEAP</p>
</td>
</tr></tbody></table>
</specifications-table-section_4><specSubHeading11><p><b><span class="spec-sheet-caption">USER ENVIRONMENT</span></b></p>
</specSubHeading11><specifications-table-section_11><table width="100%" cellspacing="0" cellpadding="1" border="1">
<tbody><tr><td><b>Operating Temperature</b></td>
<td><p>32° to 104° F/0° to 40° C</p>
</td>
</tr><tr><td><b>Storage Temperature</b></td>
<td>4° to 140° F/-20° to 60° C</td>
</tr><tr><td><b>Humidity</b></td>
<td>40° C (RH 10% - 95%) non-condensing</td>
</tr><tr><td><b>Drop Specs</b></td>
<td>Withstands multiple 4 ft./1.2 m drops to vinyl tile over concrete</td>
</tr><tr><td><b>Tumble Specs</b></td>
<td>1,000 0.5 m/1.64 ft. tumbles at room temperature</td>
</tr></tbody></table>
</specifications-table-section_11><specSubHeading12><p><b><span class="spec-sheet-caption">REGULATORY</span></b></p>
</specSubHeading12><specifications-table-section_12><table width="100%" cellspacing="0" cellpadding="1" border="1">
<tbody><tr><td><b>Electrical Safety</b></td>
<td>Certified to UL/cUL 60950-1, EN/IEC 60950-1 ; IEC 62471:2006/EN62471:2008 (LED Safety Report)</td>
</tr><tr><td><b>EMI/RFI</b></td>
<td><p>North America: FCC Part 15 Subpart B Class B</p>
<p>Canada: ICES 003 Class B </p>
<p>EU: EN55022 Class B, EN 301 489-1,  </p>
<p>EN 301 489-17, EN61000-4-3/-3-2/-3-3, EN 55024</p>
</td>
</tr><tr><td><b>Envirnomental</b></td>
<td><p>ROHS compliant - 2011/65/EEC</p>
<p>WEEE - 2002/96/EC</p>
</td>
</tr><tr><td> </td>
<td>Visit <a href="https://www.zebra.com/mc18" target="_blank">www.zebra.com/mc18</a> for complete regulatory information. For countries outside USA, Canada, European Economic Area or Australia, consult your local Zebra representative.</td>
</tr></tbody></table>
</specifications-table-section_12><specSubHeading13><p><b><span class="spec-sheet-caption">ADDITIONAL MOBILITY DNA SOLUTIONS</span></b></p>
</specSubHeading13><specifications-table-section_13><table width="100%" cellspacing="0" cellpadding="1" border="1">
<tbody><tr><td><p>Mobility DNA solutions help you get more value out of our mobile computers by adding functionality as well as simplifying deployment and management of our mobile devices. For more information on these Zebra-only features, please visit <a href="https://www.zebra.com/mobilitydna" target="_blank">www.zebra.com/mobilitydna</a></p>
<p>Available Mobility DNA features may vary by model.</p>
<p>The MC18 Series is warranted against defects in workmanship and materials for a period of 12 months from date of shipment, provided that the product remains unmodified and is operated under normal and proper conditions</p>
</td>
</tr></tbody></table>
</specifications-table-section_13><specSubHeading14><p><b><span class="spec-sheet-caption">RECOMMENDED SERVICES</span></b></p>
</specSubHeading14><specifications-table-section_14><table width="100%" cellspacing="0" cellpadding="1" border="1">
<tbody><tr><td><p>Zebra OneCare Support Services (<a href="https://www.zebra.com/zebraonecare">www.zebra.com/zebraonecare</a>) maximize the availability and productivity of your devices. Features include 24/7 technical support, device diagnostics, comprehensive coverage, advance replacement and software updates. Optional Visibility Services are available.
</p>
</td>
</tr></tbody></table>
</specifications-table-section_14><idealAppTextHeader><p><b>Ideal For These Applications:</b></p>
</idealAppTextHeader><sidenote1><p>In the hands of your customers</p>
<ul>
<li>Self-checkout </li>
<li>Discounts and special offers on the items scanned and complementary items</li>
<li>Gift registries</li>
<li>Product information </li>
<li>Price checks</li>
<li>Product availability</li>
</ul>
</sidenote1><pageTwoFooter><p>Corporate and International Headquarters | <a href="https://www.zebra.com/contact">Zebra.com/contact</a></p>
<p>©2017 ZIH Corp and/or its affiliates. All rights reserved. Zebra and the stylized Zebra head are trademarks of ZIH Corp, registered in many jurisdictions worldwide. All other trademarks are the property of their respective owners.</p>
</pageTwoFooter></Root>
